label,risk_score
1,0.1860702324107364
1,0.6839543153550585
-1,-2.528535035512462
-1,-0.4826511971636218
1,0.6186093520756001
1,2.22047771066888
-1,-0.5761079970827206
1,1.0904795382571373
1,0.5865149564871325
1,0.07639921774806246
-1,-2.079058424626219
-1,-1.3682919398612785
-1,-1.2150992579310964
-1,-0.5964160824958342
-1,-1.0608523908262455
1,0.42164835101257514
-1,-2.4421921079367137
-1,-0.24029293910755112
-1,-1.968779506487885
-1,-1.1630278486132626
-1,-0.6648007594178622
1,0.2145290913035497
1,1.509858579047436
-1,-1.3843388913205397
-1,-1.1658077274528382
-1,-1.8381350030293129
1,1.330458613088897
-1,-0.11294009215938194
1,1.2053312780410954
-1,-0.775477764067707
-1,-2.180572684084886
-1,-2.0278087552017663
1,1.0485521914059062
1,2.2422782987257532
-1,-2.653321152034535
1,0.04247382237075986
1,0.07471346699819514
1,0.4518724825412447
-1,-1.5329234799637537
1,2.3755022654229068
-1,-2.004240066232118
-1,-0.0839271451174276
-1,-0.15791512685174752
-1,-2.102669599436977
1,0.2544548909535573
-1,-0.0731098875800053
-1,-0.5902557592722747
1,3.58607569741395
-1,-3.1386167956569273
1,1.5420860266144785
-1,-1.5292995477853346
-1,-0.5137379880729978
1,0.1452086266628241
1,0.32380489503383886
-1,-1.5940696467122057
-1,-0.7287655190484292
1,1.7352221328282904
1,0.8290005592275287
-1,-1.4727569956897644
-1,-2.475120279212885
1,0.1623787153627846
-1,-0.21621250272625148
1,0.0704705509550912
-1,-0.41817761420282396
-1,-1.0860603288981332
-1,-0.1954402672571512
-1,-1.5567404103443647
-1,-2.18562405325909
1,0.8189293942579463
-1,-0.48088042623820076
1,0.32901577566552564
-1,-0.4698623358164768
-1,-0.4831073926117293
-1,-2.2332253843065786
-1,-0.01660059702461497
-1,-0.21351801343736854
1,0.38800844671493456
1,0.9026078266802735
1,0.6724301921739883
1,0.6204231491829703
1,1.9261343727154956
-1,-0.9193420925121969
-1,-0.9246719648674432
-1,-0.10988300742648277
1,1.749469442098488
-1,-3.1302666459692183
1,0.5604103480389987
1,0.27411721138378037
-1,-0.8600966458170676
-1,-1.754153748740589
-1,-0.603959307981677
-1,-0.76168765539656
-1,-1.7413896907350004
-1,-0.05544723664740153
1,3.3813657746124486
1,2.2853324067589464
-1,-0.2380427726594162
-1,-1.071453751723311
-1,-1.886305526205847
-1,-0.7621772296605458
1,0.9975714952550422
-1,-0.8521127871927148
-1,-1.2093501112737854
1,0.5077335447436682
-1,-2.205121293027016
-1,-0.880570425767876
-1,-2.9750299883057885
-1,-2.670133618412445
1,1.4373271316790208
-1,-0.5295792527431427
-1,-0.310374795634069
-1,-2.242266312210904
1,0.4839282449217902
1,1.5887158274237971
-1,-3.133021073837355
-1,-0.1369007906845281
-1,-2.2368223293944443
-1,-1.5437139602569645
-1,-3.276436752554906
-1,-2.053786860794445
1,0.0951967562574712
-1,-1.0808060192205895
1,0.7758264492461308
1,0.18355418419924652
1,1.4474543466123793
-1,-0.791808876178697
-1,-1.817865129095249
-1,-2.4633727046772633
1,0.19049877925987413
-1,-3.1621570859273267
-1,-1.7869269236074152
1,1.1958751027573102
-1,-0.751854315849222
-1,-2.0425006441565845
1,0.9423212731130549
-1,-0.8405598071775309
1,1.7659999323005424
-1,-2.165874937187662
-1,-3.2713966892934527
1,0.6153317321490032
-1,-0.04763028767881977
-1,-1.3521428550332524
-1,-0.8830167429029603
-1,-0.02509457149733374
-1,-0.2617042802277501
1,1.6820376775115076
-1,-1.3268094186491666
-1,-0.7001816449142593
1,1.3486698752870063
1,2.2516322475917994
-1,-1.273257725589658
-1,-2.2952413875684026
-1,-0.4823835243488622
-1,-1.3029524446749863
1,2.4628280761577797
1,1.8421629559643589
-1,-1.2828578376836668
-1,-1.543114137828012
-1,-1.2363010500611764
-1,-1.7281724539307952
-1,-2.2655385217271617
1,0.12509789533518734
-1,-1.3982307945549755
-1,-3.0412889380935146
-1,-0.784108456271764
1,1.0889436522558158
1,0.7207703085452449
-1,-1.4167698269309437
-1,-2.4416036694959837
-1,-0.4599024777602029
-1,-2.1452303465479265
-1,-2.5415822728114237
-1,-1.5022817356985367
-1,-0.4751971902335407
-1,-2.6337461081787112
-1,-0.6361971068890342
1,0.3408440274765004
-1,-2.0040118977554826
1,1.4146267436241025
1,0.2031830631620648
-1,-2.2090226775913173
-1,-3.058067278340612
-1,-2.028498867172102
-1,-0.7615320049834712
-1,-3.7536615982281516
-1,-3.047016488354702
-1,-1.3232428679275665
1,0.09024888550312826
-1,-1.8475585025436871
-1,-0.9755000082696123
-1,-2.1826453296728814
-1,-1.76084184468868
-1,-0.5248812917988077
1,2.546860092670439
-1,-0.6436651103686105
1,0.47888166705043195
-1,-1.8033705957964992
-1,-0.05850932378161733
-1,-0.09869347714807564
-1,-2.9609406463609744
1,0.38017921812312516
-1,-1.7184510418547585
1,0.008117259249462938
-1,-0.4761430984771038
1,0.2507924580853569
1,3.6399720464096554
-1,-1.1017051091289516
-1,-0.256519121304934
1,1.2694643835475048
1,1.8458016768253076
1,0.8908406960298343
-1,-3.41823200250266
1,2.0599495989609187
-1,-0.049801406952585725
-1,-0.6302370832573077
1,0.2486214619749847
-1,-1.301480851752275
-1,-2.049167472159067
-1,-2.672999975460588
-1,-1.0983939113706291
-1,-1.8333400342826307
-1,-1.5699330582848259
-1,-0.5547838373524097
1,1.6758269819401421
-1,-2.1752422756369216
1,0.16376255317349586
-1,-2.7728571208970143
-1,-1.5669078990495129
-1,-1.3476221425035315
-1,-2.3786125230023476
-1,-0.9628498129136833
-1,-1.6480042371558723
-1,-1.688332011217593
1,0.7031125806226293
-1,-3.6691726661977344
-1,-2.903926734693894
-1,-2.03806172309013
1,1.5218487951593465
1,0.042938673611572886
-1,-0.04933590158819967
1,0.020040246885917656
-1,-0.282259713222635
-1,-0.7505367302175906
-1,-1.0242155063125882
1,0.6829162825836765
-1,-1.9137537843060701
-1,-2.4257898834452933
-1,-0.7014587107174858
1,1.7199847178594183
-1,-1.1385011382414658
1,1.905585310462353
1,1.1088093697941943
1,1.7105659029914273
1,0.7659042681901344
-1,-0.039871725364351907
-1,-1.0938967946379303
-1,-2.10484413990042
-1,-1.889191946987386
1,1.2183620165938902
-1,-1.0573810853894614
-1,-0.17120610944770165
1,0.052791601131040256
-1,-2.336163123873385
-1,-2.6425108764724987
1,1.2039515451571443
1,0.1896031902520774
-1,-1.1517518935965683
-1,-2.0611554011440294
-1,-1.3588583464443493
-1,-0.18135717882584107
-1,-0.00451499011024592
-1,-2.9167862397787445
1,0.35857765313987977
-1,-2.192270042186454
1,0.4503197148700562
-1,-1.9353060857971827
-1,-1.1155410001255104
1,0.03375719963246138
-1,-1.984479685775392
1,1.0056837305632886
-1,-0.8664887621134354
-1,-3.1205055521678613
-1,-3.6292314374355774
-1,-0.7953268786102982
-1,-2.3038690366744747
-1,-0.3422072765762179
-1,-0.5385846473791844
-1,-0.47843633164967714
-1,-1.9687180238787487
-1,-0.5849010736684637
-1,-2.0571606097322057
1,1.7834211285801866
-1,-1.4581361275582587
-1,-3.3174628243749793
1,1.6218513007954813
-1,-3.1276984494992015
-1,-0.9341957960053626
-1,-1.3742765148235625
-1,-0.9735191103893069
1,0.8247037685462714
-1,-2.654200120192069
-1,-1.1260019014038134
-1,-0.2989197720611169
1,0.4607444239967199
1,2.087167711607184
-1,-0.7672757390141605
-1,-0.8156348874184997
-1,-1.820899487704806
-1,-0.34351296588774516
1,0.37252984902717107
-1,-1.4847855155994416
-1,-2.530491930084663
-1,-0.3330254162859596
-1,-0.41686856445044823
1,2.2764380421410584
-1,-2.1161273761114776
-1,-0.08086690683637321
-1,-0.9937307699375434
1,3.0957760742580716
-1,-1.5403324828876226
-1,-2.4154799595753094
1,3.1947765318766743
-1,-0.6098655957192073
-1,-1.2728557701757677
1,0.9652750589310647
1,0.012547806572761
1,0.5544539499513227
-1,-2.8978015624237545
-1,-0.7655872483468804
-1,-0.5048707740921543
-1,-2.1552537451838463
1,0.9524731148781089
-1,-0.06043290152282266
-1,-0.15072838650852005
-1,-1.3583232193660528
-1,-1.557447008832038
-1,-0.4003660102869099
-1,-0.6157136272313374
-1,-1.2229303464171684
-1,-2.721279053361739
-1,-3.1261888696443494
-1,-1.688763841146303
1,0.4212320326615187
-1,-1.324452754593397
1,2.5368522136741913
-1,-1.1712239169847583
-1,-2.1071510646716844
-1,-0.4537603981922833
-1,-0.20470624202038468
-1,-3.0648276326700716
1,2.842912444272772
-1,-1.2082561339248994
1,0.8418843710528914
-1,-0.3368996455900245
-1,-1.451200937835406
-1,-1.0915118965230393
-1,-1.757863840861585
-1,-0.9175399323140052
-1,-0.11402795188365883
1,0.6442569800113165
1,0.19500019690573342
-1,-1.5129275442992265
-1,-0.8135758686948455
1,0.11189091972852944
-1,-1.021618565051953
1,0.24905844119382414
-1,-2.905062416238043
-1,-0.01923565865114818
-1,-2.7211678289275416
1,2.8998665187442643
-1,-0.5525646159782129
-1,-0.9918246755814888
-1,-1.9567560728283855
-1,-3.086652174539185
1,0.7601974637871294
1,2.3764819283156218
-1,-0.3881890963957393
-1,-0.6401004235775206
1,1.0192806252918198
-1,-0.5953981751909211
-1,-1.6443677501471596
1,1.820351373037296
-1,-2.596826895115098
-1,-1.6020014355221006
1,0.3645701535720842
-1,-0.9514942839410743
-1,-0.44139935606919506
-1,-2.4899966685920876
1,0.08888314157694141
1,2.090864516905664
-1,-1.2051405426343704
1,0.4003390251953943
-1,-2.5996597980912153
1,2.129314377818863
-1,-1.3287310985976004
-1,-4.087293846167299
-1,-1.4874528842283965
-1,-2.236442671922623
-1,-1.1909680245560947
-1,-1.2371242896963996
1,1.7669829604026432
-1,-3.005441984646785
-1,-1.058563189004389
-1,-2.5316974116677176
-1,-0.11107204062200149
-1,-0.10949690404689383
-1,-0.38182821771331704
1,1.936232934034332
-1,-0.22255708699928697
-1,-1.5219259998313477
-1,-1.1655581690127508
-1,-0.647056729254965
-1,-0.2183350468124865
-1,-2.5830672628194105
-1,-1.6474396347713218
-1,-0.8582577965780965
-1,-0.3077250116068718
-1,-1.6238556677056264
-1,-1.6287720580586889
-1,-2.3372187115322
-1,-0.9238879847104453
1,0.5738808788567458
-1,-0.7613252821184967
1,0.08643282792990536
-1,-1.4576480131218925
-1,-2.3169227747920065
-1,-0.6380623792722875
-1,-0.7025276767246964
1,0.4443935975790295
-1,-0.4990953622439091
1,1.023114921149204
-1,-2.1700847456984524
-1,-1.9544934687787927
-1,-0.328387589770781
-1,-0.21550529319458867
1,1.3682185991317863
-1,-1.242077172695435
-1,-1.3197253564488443
-1,-1.6695855141789702
-1,-1.632039149720421
-1,-2.1964208275247596
-1,-2.089284674707433
-1,-1.550107429139374
-1,-1.9604381260834671
-1,-0.196675580670157
-1,-1.6498100750565357
-1,-3.258631360085432
1,3.1105333536590614
-1,-0.769291996802131
-1,-1.3477478219375005
-1,-0.8426218603728481
1,0.20105347445024718
-1,-0.9179369302995308
-1,-3.0864266300981655
1,0.7614181523321782
-1,-1.557681236512716
-1,-0.6577600673040962
1,0.13320675512316993
-1,-1.761836787205755
-1,-0.8293341559505882
-1,-1.3834663605224322
-1,-0.5395572846614106
1,0.21529458952214298
1,1.0081033366607421
-1,-0.7598776009720725
-1,-1.681531548066827
-1,-0.7405796410330914
-1,-1.003486758114007
-1,-1.7733005171716183
1,1.482617681972759
-1,-0.0734439505994241
-1,-1.643116094120447
-1,-0.4150559471102332
1,1.5611762969384224
-1,-0.555642711539726
1,0.09458631499080516
1,0.36982448301529036
-1,-2.66072014589548
-1,-1.6788742620289374
-1,-1.8463345826907294
-1,-3.2828728828990412
-1,-2.182182364854852
1,0.7094654285906625
-1,-1.7933123356806147
-1,-2.0651180841918078
-1,-0.8136754231634019
-1,-0.4461031226041344
1,0.8566155376454949
-1,-1.1535331610143031
-1,-1.617629436883244
-1,-1.7954337718939697
-1,-1.4536032833250097
1,2.2794523959319153
-1,-1.1504677329260382
1,0.3535664229710455
-1,-2.111306959677812
-1,-2.1927064150137694
-1,-0.5502195254832997
-1,-0.8937026743515577
1,0.3074702578243026
1,1.1280691599728487
-1,-0.25821100375360784
-1,-2.901567762966588
-1,-1.271885557112467
-1,-0.927935666522891
-1,-1.2960830229286981
-1,-2.271995105881746
-1,-0.8456849371743431
-1,-1.7022504289788936
-1,-1.6322843862409808
-1,-0.16366865720119897
-1,-0.5928791624415118
-1,-2.102339768642767
-1,-1.342152614067734
-1,-0.019622232073026824
1,1.200800282762733
-1,-2.373271569289074
1,3.13015571627289
-1,-1.2522507277510229
-1,-3.482349692393708
-1,-0.45827151119458
1,0.5379384117654511
-1,-1.3949696706521217
-1,-2.0450090281517856
-1,-1.621333256166024
-1,-1.564339250716369
1,2.0462312794509505
1,0.027606944265155864
1,0.4059834247503725
-1,-3.102769124198419
-1,-0.7589544604503786
-1,-1.6648036082567057
-1,-1.44222942839213
1,0.9196592200043809
-1,-0.7836649443936765
-1,-0.8714053091900293
-1,-1.2565224156196992
1,0.48192126846666716
-1,-2.1864728264382363
-1,-1.1873457757307027
1,4.6782613979012435
-1,-2.413985354624467
-1,-0.17256979722347
1,0.04279884145847068
-1,-0.5107620294447858
-1,-0.7330087413837717
-1,-1.5575369209213978
-1,-0.8057851358409134
-1,-1.7898150225216014
1,0.4349368279084697
1,2.240454414681357
1,2.990492952130772
-1,-0.4104616313033945
-1,-0.28528723215592156
-1,-1.7878061071402411
-1,-2.288739983316484
-1,-2.4819534693243614
-1,-2.877452728155398
-1,-2.1842454100631157
1,0.8664172063828195
1,0.021762189986221758
1,1.8246517054048401
-1,-1.604369464668535
-1,-1.1099506055154968
1,1.04503949428493
-1,-1.9526969370263922
1,1.2132400658295037
-1,-0.33152671017141133
1,1.0045961799084178
1,0.029662891030573846
1,0.8396493090500395
-1,-0.2925373404773093
-1,-2.007362612439941
1,0.24604833772254425
-1,-1.7047722190075407
-1,-2.093010316283966
-1,-1.436229379927425
-1,-1.0892604739787495
1,0.8163350715839504
1,0.49797310016811147
1,0.6938853207672372
1,0.8093146069875523
-1,-0.12908536958231143
1,0.3728869485044565
1,0.28840837227010035
1,0.8014712384571663
1,1.3464211572186024
-1,-0.3944995898066841
1,0.9170926748304695
-1,-2.8431949671124555
-1,-2.430380677925266
-1,-1.595740852253325
1,1.8434835227157773
-1,-0.8764459869020469
-1,-1.2706324516961733
-1,-2.617182491413322
1,1.293732767562691
1,0.3497600221247408
1,0.25207349698569204
1,0.7764960342840177
1,0.49086214950053686
1,0.22155259333710164
-1,-1.3396936697541442
-1,-0.23895196890532455
-1,-1.5450651949416878
-1,-2.3990623048673667
-1,-0.7223296004187784
-1,-1.4762264120841784
-1,-1.04326552272474
-1,-0.2524728497838419
1,0.18433483406482626
1,1.5454661253819941
-1,-0.03872458253392552
1,1.3225435197548983
-1,-0.7999573470787427
-1,-1.0034992801823808
1,0.047419128301066205
-1,-1.4066080588948617
1,1.866200557402059
1,0.15252634499928452
1,1.0784538506084949
-1,-1.789597887439822
-1,-2.6807921902931326
-1,-0.7013763601832007
-1,-1.4868728243531348
-1,-0.2858541116578412
-1,-2.4069745482442717
1,0.9654294140873828
-1,-2.355493937018242
-1,-2.1731534682194766
-1,-1.5322725737349867
-1,-2.029955812338093
-1,-0.1246992892817611
1,7.081180120704093
-1,-2.3163575489352968
-1,-0.49856682749636216
-1,-3.504913543751252
-1,-0.35908610376410777
-1,-1.5151126981754222
-1,-0.10649570078786436
-1,-0.48354679384837584
1,2.1426050172193443
1,0.5988210700115599
1,1.6122489310906742
1,3.015541430077355
-1,-1.2435479377482808
-1,-0.7214315542043084
1,0.7257720943888555
-1,-1.353115909867266
-1,-2.0125631467771425
-1,-2.423093374211186
-1,-1.5204490678269915
1,0.5716537824627672
-1,-2.6357564335190786
1,1.2051261967961482
-1,-0.17321199341182542
1,2.070082884007519
1,0.29364954577890195
1,1.2581485582673673
1,0.5693749140065704
-1,-0.6469370071765372
-1,-1.0569290622996865
-1,-1.7334406665547983
-1,-1.9475067940671453
-1,-2.0502708495730824
-1,-0.6477489265049323
-1,-2.46400681403182
1,0.4660488434540151
-1,-1.467713674532759
-1,-1.390431550441061
-1,-0.7644019834020735
-1,-1.8598614124291521
-1,-1.1701684641506567
-1,-0.5640716401239148
-1,-0.4796219562495494
1,0.245286707376836
1,2.4584387979379057
1,1.3492787814536702
1,0.9539271310679214
1,0.22598146561919724
1,0.8868041912378752
1,1.2013949570292848
1,0.7752686126698403
-1,-0.23100558045397257
-1,-1.6927474253409047
-1,-1.9625764838915032
-1,-1.2967887635454232
-1,-2.9746222882633218
-1,-0.38042293260335536
-1,-2.5019410624114427
-1,-0.8884463851172381
-1,-1.8584210923157685
-1,-1.974768706900172
-1,-1.1178182901669464
1,1.2059056813800972
-1,-0.6724731559266874
-1,-0.36520137776752964
-1,-1.9271820120090404
1,0.1052957559749082
-1,-0.057334995287865176
1,1.6949973661400932
1,0.3427720948463147
-1,-2.618745265850403
-1,-1.5532092252517384
-1,-1.729765421353245
-1,-1.340009280214162
-1,-0.2990712911520991
-1,-1.8151441988064028
-1,-1.5633686568259768
1,0.3098560676032501
-1,-2.4394234593499124
1,1.3466235752825935
1,0.36083476966098893
1,1.3573262612019623
-1,-2.9353521270202267
-1,-3.2751399446751606
-1,-1.646309347703298
-1,-1.8357187981418566
-1,-1.3591806337705648
-1,-1.7369963073365078
1,0.1452689056297104
1,0.30541566122404673
-1,-1.9558073064216983
-1,-0.22839906161522638
1,1.146754290714198
-1,-0.33391887269010595
-1,-1.6905061393020842
1,0.09555260525624842
-1,-2.6574048429256485
-1,-0.23452233396345462
-1,-0.21510031812212854
1,1.3209355278060455
1,0.8550600204734695
-1,-0.033545872718491576
-1,-0.0012770662176469494
1,0.34946333546974595
-1,-0.9366301038844501
-1,-1.9479065637903974
-1,-0.021612981253556096
-1,-0.42677834075344295
-1,-1.4334500648172899
-1,-1.092217818659518
-1,-2.652748469451289
-1,-2.0713252354366745
-1,-1.6951105445187011
1,0.9541775940303837
-1,-2.357225725535929
-1,-0.7521440222309588
1,1.9724241136507494
-1,-2.2002067883661423
1,0.6395478055679042
-1,-2.208271507035848
-1,-1.5751397448052908
1,3.5171110793566833
-1,-1.4102549644311724
-1,-1.0460216544555583
-1,-1.9279242088194115
-1,-0.18896101274773192
1,0.9493498764922901
-1,-0.6110693484505858
1,1.0789590102294326
-1,-2.4848974734555833
-1,-0.8606771547852199
-1,-0.7233614016638592
-1,-0.628514266354108
-1,-1.4661146685198139
1,1.4826773719348154
1,2.2401454715771094
-1,-1.5723955984701221
1,1.1776694068779867
-1,-2.24094574561313
-1,-2.440204434787442
1,1.8167123171330333
-1,-0.1549039254887794
-1,-1.7934189353183017
-1,-0.48127603182619094
-1,-0.39712022432054866
-1,-2.0041234300056594
-1,-0.20315371435382445
-1,-0.9970777316214501
1,0.6314087433991882
1,1.2802321380940644
1,0.9210045993065926
-1,-1.1801171921305853
1,0.5251387554807125
1,0.240339213437947
-1,-2.3678592553817164
-1,-2.109410198100559
-1,-0.4983710977695297
-1,-1.058643857800245
-1,-2.034047910603716
1,0.558219353560182
-1,-0.49515076736898167
-1,-1.0241741655084229
-1,-1.1568726176593858
-1,-0.8483144028227434
1,4.33401891200354
-1,-1.0112025274838006
-1,-3.504687533580196
-1,-0.7221929658365525
-1,-0.5529047123097318
-1,-1.039593219638643
1,2.1185944680280637
1,1.0749658493553602
1,2.120280218849793
1,0.9656142455866765
1,0.5816564267893778
1,0.7768680702545696
1,1.333985218804545
1,0.5678450151950714
-1,-0.8900344317505294
-1,-0.1588244767140019
1,0.6631899461503116
-1,-0.5167740891363961
-1,-0.5286329375944088
-1,-2.7742512524783036
-1,-2.524757265934004
-1,-1.9047676975035062
1,2.0619608310137196
1,1.266119923475822
1,3.040100689242163
-1,-1.5035350408467623
-1,-3.472057243800981
-1,-0.8700751429995375
-1,-1.656941257316801
-1,-0.9361509747376102
-1,-2.6101208071648294
1,0.4862382505703982
-1,-0.08336008232909642
1,0.22549502809855748
1,3.900848716981237
1,1.1108529633090107
1,0.4971945828783352
-1,-2.9904199703850702
-1,-1.3772613471350332
-1,-0.20001670877022315
-1,-1.8242469298972406
-1,-2.9718773983807476
1,2.804886559681478
-1,-2.2522294135181884
1,0.9537786322101861
-1,-2.038305051882216
1,0.19365841575637815
-1,-2.176350711466728
-1,-2.543274960438632
-1,-2.655426257211293
-1,-1.1540573385106554
1,1.5702444396733108
-1,-0.41911933748413327
1,0.4450144926011179
1,0.770086331274557
1,0.5029835285845872
-1,-2.8632508373640215
-1,-1.626446264947233
-1,-0.9742182323071551
-1,-0.9777577588152898
-1,-0.5307090450971144
1,1.3002395447738202
-1,-1.2697797647828604
1,0.28004750997105626
-1,-1.7042624186914408
-1,-1.0088063280779582
-1,-3.8477290829283133
-1,-2.0584971068739057
-1,-1.7839793412124934
1,2.157760229362334
1,0.5560649209130176
-1,-1.5248318832459533
-1,-3.0560766308659293
1,0.5498994264361963
-1,-1.3139652567473716
-1,-1.092548136130187
-1,-1.0394856870691824
1,0.8893473338506668
-1,-3.9795182324174943
1,2.4799386061100543
-1,-0.9598357736557483
-1,-1.3743521590734424
-1,-1.3596486665588983
1,0.013630759177075014
-1,-3.8594927077665155
-1,-1.967758295760408
-1,-1.2374053782075713
-1,-1.186574800242022
-1,-1.9285433255203177
-1,-0.17425476883558766
-1,-0.23514527495158605
-1,-0.7990814105053109
-1,-0.5005750351714597
-1,-1.66648100056116
-1,-1.2928561526146969
-1,-5.098951311240702
-1,-0.9328189268308423
-1,-1.1576109097395713
-1,-1.0564922326917348
-1,-1.478380163348893
-1,-2.7858828567312477
-1,-2.968013101638174
-1,-2.271902649596159
1,0.8278850648660474
1,1.24066120975331
-1,-2.344127481060462
-1,-1.6066442725669272
1,1.350641941115474
-1,-1.1495243220346052
1,2.171657707275073
-1,-2.3819489572164505
-1,-0.22366730824902736
1,7.363963375345224
1,0.0540605997306039
-1,-1.3813901779600068
-1,-1.272353011911802
-1,-0.9402101719777008
-1,-1.4793265069348127
-1,-0.21589963270775947
1,2.771046833536031
-1,-0.6615982682890649
1,0.49112538043106235
-1,-1.176487742366617
-1,-1.531859983266955
-1,-0.3046482828935688
-1,-0.23411415027774413
1,1.5924383034738039
-1,-3.5554262534238092
1,2.339400588273793
-1,-0.49690949077205016
1,0.9722194317252103
1,2.4207279498416274
-1,-0.5852532481030207
1,2.8126393927450204
1,1.4349318189573572
-1,-0.3652707071431985
1,0.6462645758744612
-1,-1.5771781665742606
-1,-1.8169593477832233
-1,-2.5260256527313696
-1,-1.8128131910632277
-1,-1.3719307141406305
1,1.1023312664774005
-1,-1.9140424487178387
-1,-0.026381096890644384
-1,-1.7629221929070302
1,1.1338651312934522
1,2.2693097909752558
-1,-0.3083808880580071
-1,-0.4981894715957009
-1,-0.8841121829703769
-1,-0.8186091439230354
1,1.5940350232219895
1,0.2899127151811329
1,0.5507396596499886
-1,-1.342469298740884
-1,-2.150197986219401
1,0.8591791264262467
-1,-1.30548988444824
1,2.011586427431108
1,0.9837133666505757
1,1.3590977324575353
1,0.965350652722105
-1,-1.8880077597299332
1,1.241636505242347
1,0.9893530398649777
-1,-1.876492262471262
1,0.5446284874529301
-1,-0.6252661592574442
-1,-1.444519935452423
1,1.2373081262336094
1,1.7147328491732088
1,1.5892962005029851
-1,-0.5112427069206145
-1,-0.9792038239906304
1,0.6781110438095347
-1,-0.03301201172737761
-1,-2.4638467732351264
-1,-0.8262912452773533
-1,-0.9538151337892279
-1,-0.637168905338382
1,1.7835505016777224
-1,-2.6871392004184136
1,0.4499421986430941
-1,-0.5416737166302209
1,0.17014824512470922
-1,-2.4873132956387733
-1,-0.9950953057591957
-1,-1.2732673347412717
-1,-1.1872480005885733
-1,-1.9278572523034425
1,1.5054425762387758
-1,-0.9076859632435725
-1,-2.271796237591069
1,0.5174194543401938
-1,-2.001446802767683
-1,-2.895493975331579
-1,-1.0650202474310815
-1,-0.4573646760812986
-1,-0.593990011896709
-1,-1.8112297880688388
-1,-1.11850863479361
-1,-0.7155729361087728
-1,-2.437248864663006
1,0.07544849961338373
-1,-0.14293522551634458
1,0.445685821582474
1,0.15880527105949754
-1,-0.3223922323863192
-1,-2.488553774039789
1,0.6523631584537175
1,0.9143285124256069
1,1.9428630547080215
-1,-0.017854373578181426
-1,-1.2690683302615735
-1,-1.8910383491914904
-1,-0.0016437097852305405
1,1.4634488934401526
-1,-1.9786285635268432
1,0.8456227904922488
1,1.669340141330191
1,1.9321864813947642
-1,-0.2052823708107992
1,3.8895261417424254
1,2.3317593013310067
-1,-2.0532104442184265
-1,-0.8797153056206434
1,0.8756864221768184
-1,-0.8820030369867154
-1,-1.0336685430591501
1,0.1219262945766576
-1,-0.17538177301314056
-1,-2.6132812588220764
-1,-0.09409634622433488
1,0.5259888282455037
-1,-0.9903424354581358
-1,-1.0748868470860704
-1,-2.7041785526236244
-1,-1.7258219470562686
-1,-0.8329261305715384
-1,-0.7753317934380394
1,0.7973743307429122
-1,-2.960149693172866
1,0.8930828945952326
-1,-2.4423386786560997
-1,-1.1142030384571513
-1,-1.6747574902475941
-1,-0.7398557413524883
1,2.0229245897630617
1,0.4278807988558499
1,2.483245870623556
1,1.0823796118321742
-1,-1.3679495686340402
-1,-1.0918541923294176
1,0.34884962165992134
1,0.9436088236371417
-1,-0.044593611901661334
-1,-0.2034003359562353
-1,-0.10166183516371219
1,0.6235114049953465
1,0.05539135035531012
-1,-1.3798741019500487
1,0.1402201603387787
-1,-0.03302699152735239
-1,-2.8207575147117963
-1,-1.1873728519726798
-1,-3.0961443755129885
1,0.7530635257691628
-1,-1.7444790767716796
-1,-0.4667667445521384
-1,-1.9774920054037561
-1,-0.570594687522699
-1,-0.08686468897012112
-1,-0.5089380819221836
-1,-0.7086131634177611
-1,-2.4674683009321416
-1,-0.9879900827944592
-1,-2.042011122005026
-1,-2.2378643127054914
1,1.1483433170983597
-1,-1.9851593812438186
-1,-1.5306990449233842
-1,-3.062518130617833
1,0.21710245641608528
-1,-2.3034171201043776
-1,-3.308758611155847
-1,-2.9977758688738056
1,0.09336663324800676
-1,-0.6423502845133988
-1,-0.007134207814654292
-1,-2.2703403529822324
1,1.4236468734482841
1,1.5439104175252532
1,0.6333170256769367
-1,-0.17909271281551287
-1,-0.9531058522446839
1,0.948022516774583
-1,-1.5495554826428255
1,0.29076292230399503
-1,-0.9194587727473504
-1,-1.4559314307457043
-1,-0.594456463091481
-1,-0.8034234305861072
-1,-0.4163480255261719
-1,-2.3713949739256655
-1,-2.0148913945923557
1,0.8663713021733855
-1,-1.050408543018377
1,1.4667459277544102
-1,-1.5033469409739522
-1,-0.44798787254797284
-1,-2.091994779470408
-1,-0.8061779775215256
1,0.9983161544166891
-1,-2.866388167997348
-1,-1.0554213083039685
-1,-1.6153488630323032
1,0.6127736618180952
1,1.3870442263791996
-1,-1.9148892230167136
-1,-1.2639982353377166
-1,-0.7466614827212371
-1,-1.361860347076143
-1,-1.745612407402045
-1,-0.5231092671809957
-1,-3.208467976604106
1,0.9550442631730838
-1,-2.978227603560362
-1,-0.8593148671021766
-1,-1.5868439820472415
-1,-1.7747693727644718
-1,-1.0384055659106297
1,0.9314464400132845
1,2.154699854397903
-1,-2.7446230028263128
1,0.525397545728673
1,0.7157022775563503
1,0.07076375321736739
-1,-0.7926537926316121
-1,-0.38971275879132405
1,1.7223027478228783
-1,-0.7296250118145029
-1,-1.912797795761915
-1,-2.196698901758612
-1,-2.1664963716788246
1,0.19952141706713222
1,0.08454482290340448
-1,-1.089458869235319
1,1.5320902623860495
1,0.5594306859219892
-1,-2.9699923244474644
-1,-1.4684570354036124
-1,-0.34109968000878255
-1,-0.0359207089398802
1,1.5176187757218598
-1,-2.6561965544250237
-1,-2.2187135292272084
-1,-1.9099351699854863
-1,-0.003317383163017662
-1,-2.8405958361626165
-1,-3.4769248087340587
-1,-0.6682555787040738
-1,-0.2979882641010647
1,1.3955822046147026
-1,-0.7133540603160704
-1,-1.969530444550738
-1,-2.1151801383922466
1,0.4261042778558926
-1,-1.3311480472457227
-1,-1.7634347802523576
-1,-0.05948840769362784
-1,-2.7849661764706735
1,0.20667129676884188
-1,-2.371498830224444
1,0.31622990966590225
1,1.7097307518249554
-1,-2.7363497147913165
-1,-2.324591673264474
-1,-1.836423589152279
-1,-1.9238052996158843
1,0.2075831895685868
1,1.1918822518634211
-1,-1.4251680692493034
1,1.8785182337592052
-1,-1.8279939183345508
1,0.8148000579407985
1,0.96662622545677
-1,-2.461817609422325
1,0.7146618906419065
-1,-0.8244291034526425
-1,-1.6359763010640374
-1,-0.8647654893338892
-1,-1.7618071156373105
-1,-1.9542460849005914
-1,-3.208062177404715
-1,-0.543580693207419
-1,-1.7372255450592922
-1,-1.2293978227431834
-1,-1.7561580560624828
-1,-2.3243458832098196
-1,-0.5297413044610116
-1,-0.7648047657965414
-1,-1.854179509483417
-1,-1.5032162160134517
1,0.7226481886864317
1,1.4259565283802096
1,0.8865067072234712
-1,-2.155325151293254
-1,-1.3800445819368958
-1,-3.229465055913961
-1,-1.8914860429881106
-1,-0.06909221634821028
-1,-1.1486023713434965
1,0.16471330486264174
1,0.42937008942590793
1,0.9878548785442144
-1,-1.0169460402950752
-1,-2.759571702786026
1,2.957923863736351
1,1.0106134206018387
-1,-1.3367657380108304
-1,-2.146694885168452
-1,-1.8535352681773105
-1,-1.5593713174062995
-1,-1.9743430068423218
-1,-0.2747918514658434
-1,-0.9733146636532448
1,0.5168868460572984
-1,-1.64829059331039
1,1.2831202104289285
-1,-3.556563799444964
-1,-2.0619457731066397
-1,-2.080811231548825
-1,-1.3571077767161268
-1,-1.7897092211364656
1,0.13264715793966225
-1,-3.246414737399137
-1,-0.35012023708426676
-1,-1.8912965286345438
1,1.5157949360880538
-1,-2.6262116228142807
-1,-0.2689977652402089
-1,-0.7340152430327554
-1,-1.6828483238441858
1,1.3825844229931619
-1,-1.6546020021090806
1,0.10008475694490582
1,1.9869607705849837
-1,-0.4397611332357587
1,0.05564983347343555
-1,-0.3244093230996088
1,2.5696711891357236
-1,-0.1969977604073475
-1,-1.2563387301829572
1,1.5485504668011156
-1,-0.48990225312871183
-1,-0.40885339721206293
-1,-1.577276324833515
1,0.8419071872690216
-1,-1.0770253862062547
-1,-0.23355787684804186
-1,-2.246327449850204
-1,-1.800868223446241
-1,-3.490817036484417
-1,-2.5619636493904396
-1,-1.5833500134625997
-1,-3.0623878423258994
-1,-2.047305167917426
-1,-0.41398470526239295
-1,-2.3310547666862997
1,0.07372169162603259
-1,-0.685910526289204
-1,-1.5664968986058065
1,1.1676655430768021
-1,-0.4012817701734427
-1,-0.27589368037474993
1,0.05093326614751614
-1,-2.252083414294538
1,1.44124421867652
-1,-1.617749443633187
-1,-1.3656336136021177
-1,-2.0707136993838176
-1,-1.5925501268544524
-1,-0.5880064107293396
-1,-1.3596743896246717
-1,-0.3061787274747337
-1,-2.239944697624508
-1,-1.8893656818603302
-1,-1.0253766258570853
1,0.4428537598818162
-1,-0.4815913913340741
1,0.09379975602594559
-1,-0.6013669817852162
1,2.074591123564832
1,0.17126093773491124
-1,-1.0033860347494252
-1,-0.0059856039956006635
-1,-2.0568432549622275
-1,-0.870059374302947
-1,-2.982854354859622
-1,-1.359557550836777
-1,-1.4880391186193347
1,0.08640098551456754
-1,-0.5011815789870044
-1,-1.239658047546906
-1,-0.45891626416065334
-1,-0.54236304705459
-1,-2.0849412115614054
-1,-0.5873126718849655
-1,-1.9773080385663335
1,0.6246937408779333
1,0.20884025552931887
-1,-2.4777165815382105
-1,-1.3268018684526282
1,0.30620599082729977
1,0.5529659777243382
-1,-1.7697525682734843
-1,-1.2903775468833074
-1,-2.2123899447557926
1,3.863367004050037
1,5.473431042496159
1,0.06253351891233228
1,1.2482103993138294
1,0.5183244365143261
-1,-1.8271295572062214
1,1.1459675056553096
-1,-1.9034451795575194
-1,-0.8853796378225267
1,0.34007336224556717
-1,-2.2245712164337967
1,1.6955714384562328
-1,-1.8575476407416387
-1,-2.1690019020310722
-1,-0.760587714948381
-1,-2.9682225096990167
1,0.09415196240995466
1,0.6250218447259565
-1,-0.6583531522382108
1,0.5405965984497761
-1,-2.0128401610415305
1,0.25275080582466636
1,0.9495468793820224
1,0.1697728076435041
-1,-1.2963838929032248
-1,-2.2521120571004767
1,1.1628966894356239
-1,-1.856405062305495
-1,-0.6997063968496562
1,3.7666352227259243
1,0.9636034500743974
-1,-2.2735833941756987
-1,-1.6492587118117283
1,0.6342947041353579
-1,-1.2184868458570177
1,0.5315251756947155
-1,-1.1157603246910595
-1,-1.7377487560275047
1,2.034910838499354
1,0.28644683819586647
-1,-1.7109812968890084
-1,-2.5556969078205825
-1,-0.2570332099777373
-1,-0.8278805832175652
-1,-0.7910121207763159
1,1.4330929381073179
1,0.17006486181381236
1,0.6940067477751829
-1,-2.8287779448622112
-1,-2.5093764027251955
-1,-0.62569380633395
-1,-2.8052698660492172
-1,-2.084127140673724
1,1.2826060156910195
-1,-0.2823105099139359
1,0.2012447298440374
-1,-1.3894929793867687
1,1.8493847019507983
1,0.7264817133055729
-1,-0.003087408780166112
-1,-1.1065043178015306
-1,-0.9068892292283557
-1,-2.2973466983690076
-1,-0.7384113490226534
-1,-0.8366452569659202
1,0.05712877387881016
-1,-1.5123115637534708
1,0.8398273007937138
1,1.5224455523793492
-1,-1.4990732530802169
1,2.8008369132696638
-1,-2.249325984158721
-1,-2.02285428246651
1,0.712624225713953
-1,-0.7632564388692183
1,0.4968486967678002
1,0.6525849571699258
1,0.3118573120756081
-1,-0.5130936890680693
-1,-2.4303508565417387
-1,-1.6291589939327955
1,0.37079334289994476
-1,-1.713111154095844
-1,-1.5738051588736344
1,0.1363912738498323
-1,-1.743979324597907
-1,-1.8936143203611013
-1,-3.0317603448141197
1,0.6611553574032638
-1,-1.7719024704295108
-1,-0.28913900057048797
-1,-0.4181757982182748
-1,-0.36602430603695335
-1,-2.869860935207951
1,0.3787941935090488
-1,-1.375924399029851
-1,-0.6653254026035675
1,1.8790648024888483
-1,-1.303971444201529
1,2.992886567132753
-1,-2.2590920086217614
-1,-3.50792061765224
-1,-2.464518431969257
1,1.1243115769973746
-1,-0.8945519691046339
-1,-1.0446979468207604
-1,-0.6552019371677119
-1,-2.5829410468197396
-1,-2.229561569976612
1,1.4231080743913496
-1,-2.241687388455332
-1,-0.28353951856475046
1,1.881131534351843
-1,-1.0807504118668958
-1,-0.2580590632282132
-1,-1.5567721230430036
1,1.0104420220546388
-1,-1.07154339915934
-1,-2.504263104356383
-1,-1.2631680771827187
1,1.258224928464613
-1,-1.3300577820217776
-1,-2.9503293075947643
-1,-1.925162442275067
-1,-2.644873985528311
1,0.655079571762854
-1,-1.7595931812455303
-1,-1.9161003510329169
1,0.5512721689483837
-1,-0.9255037437959142
-1,-1.9431532575811155
1,0.18597555380094533
-1,-1.6583585928437328
-1,-1.0721413636092425
-1,-0.47235255232119333
-1,-1.6166793409628792
-1,-1.404844137752964
1,2.0665812227708344
1,1.397398602050739
1,1.1947478359508188
-1,-2.6545648450221004
-1,-1.327089999732035
-1,-0.8409658553727303
-1,-0.0374005530315884
-1,-1.4681646004196953
-1,-0.8642768082815386
1,0.5222308846351017
-1,-0.30226878123188283
-1,-2.5598316124286624
1,0.29950073096438024
-1,-2.315016650093816
1,4.317403743643072
-1,-1.785944241625941
-1,-0.472615322119623
-1,-1.3013733939779395
-1,-0.7397025359813836
-1,-1.905696055071741
-1,-1.1297397590325424
1,1.153559856609871
-1,-1.7710601787623306
-1,-0.5783677594615269
-1,-2.7376708818582833
1,0.4491296681342911
-1,-2.027774761842283
-1,-1.2247759752935656
-1,-1.6431967089490347
-1,-1.4757831492103222
-1,-0.7341867990649871
-1,-0.6925813095335898
1,1.8020259367474973
-1,-3.5303450987141987
-1,-2.0597796388853
1,0.23191618192151547
1,0.9922478328384899
1,0.7910157753916399
-1,-0.1206448011495766
1,0.4638084632563056
-1,-1.7875079777717375
-1,-0.6377653575637703
-1,-3.0886174857791824
1,2.6154020680344874
-1,-0.8085038075375796
-1,-0.8495058938895536
-1,-1.2735357873659823
1,1.6077082860957026
-1,-1.8799682705397922
-1,-1.736223678362672
-1,-1.4674486656755212
1,0.32568785995249405
1,0.8080673284993868
-1,-1.7326875062444438
-1,-0.14799697491051556
1,0.08444424446810572
-1,-1.6162723195143205
1,1.0744433849336705
-1,-2.3556305938574846
1,0.04632604293702819
-1,-1.6738332947954704
1,0.27982882296912337
-1,-0.9592203273879186
1,0.6901636693530384
1,0.5470704143426214
1,2.3849093209739793
-1,-2.000835197266115
-1,-0.5113316108700445
-1,-0.8395827943416074
-1,-0.7068823782694964
1,1.0279366800683425
-1,-0.6199861380959059
-1,-3.2352246159408193
-1,-1.1350872403231136
-1,-2.3036272638449606
-1,-1.358059417080105
-1,-1.3506283736838507
1,4.589626071821172
-1,-3.1357554611310823
-1,-2.1823923574432165
1,0.238847192974591
-1,-0.868774574285162
-1,-0.825492404829051
-1,-0.6743493308938976
-1,-0.44573551049584914
-1,-1.1138409327206769
-1,-1.4751907002967442
-1,-1.5789336075497071
-1,-0.5196256608023594
-1,-0.49738278205337033
-1,-2.013734002868842
1,1.5641529949155735
1,1.1256159610861776
1,0.13309427683315467
1,0.028301137945881183
1,0.942802206017997
1,0.7153659099380981
1,0.9351947989026314
-1,-3.049201077280701
1,0.02102635479335102
-1,-2.5671236927915433
1,1.2156271709506348
1,1.0104779032622948
-1,-1.2653573957445456
1,0.5895310197838814
-1,-1.44975626063075
-1,-1.1855072268703708
1,0.5992705574423669
1,0.07383960794329802
-1,-1.439898180880055
-1,-2.1884618192012883
-1,-0.5945206468541644
1,2.07944437768793
-1,-2.2750920865397353
-1,-2.2658309777856998
1,2.939846533033051
-1,-1.6895157552029667
1,0.6635502123978811
-1,-3.640266974441837
-1,-1.2428793226845598
1,0.9685965937044531
-1,-0.44121049754436215
-1,-1.7702009991158945
-1,-1.3424713414431444
-1,-3.0621170088951266
-1,-1.767750797765952
-1,-1.8228996857710364
-1,-0.5957687571467457
-1,-2.462986154647405
1,0.23789833285294854
1,0.3994644023894022
-1,-0.7187899928046462
-1,-1.567402874442513
-1,-1.6156318008370059
-1,-0.014728657646479515
1,2.694952904050326
-1,-1.6471371828597434
-1,-1.4025726245201775
1,1.5638029125669766
1,0.5142306042728196
-1,-0.3334784898113076
1,1.0940503356752889
1,2.8102394466631795
-1,-0.25900461809764386
-1,-1.4602140192471755
-1,-1.297134157975944
-1,-3.3404604911904823
-1,-1.607761498810314
-1,-1.013468503728165
-1,-2.625896502792299
-1,-2.307473059302005
1,0.08768795036563332
1,2.4356434865224665
1,1.1037761851792327
-1,-3.008197423495661
-1,-0.9687238839564907
-1,-1.7655398496876198
1,0.6359057299696627
1,0.4496328458216529
1,0.9235034112491786
1,0.8551168455894138
-1,-0.9766808488006669
1,2.1749725839090917
1,0.12167109564068557
1,2.376888265741321
1,0.1307292818617972
-1,-0.4054820591079209
1,0.2961726914646499
1,0.7108152066339783
-1,-0.7496876532112268
-1,-0.11306001542604716
-1,-0.9663644498204729
-1,-0.1610252031845958
-1,-0.12635676801984608
-1,-1.454292875570844
1,0.30009913591281717
-1,-1.5020734421554995
-1,-0.9302453497224945
-1,-2.0379444722279567
1,1.1865268583044215
1,1.0341409721803527
-1,-0.11825195548053613
1,1.2437075901180914
-1,-1.1278366463033052
-1,-1.4310297313440972
-1,-2.1695450715718785
-1,-2.915217003085095
-1,-0.6659719940984664
-1,-2.396144211267108
-1,-0.289620647150014
1,0.23551173491760152
1,0.4803562877636407
1,2.097067673900356
-1,-1.2531292916069212
1,1.4133598783326926
-1,-0.44692397316200005
1,2.2639369410988093
-1,-0.7807981770855462
-1,-1.3959152701543878
-1,-0.05028257648453088
-1,-1.4172495274306511
-1,-1.3625658228569002
-1,-0.6048434716702049
-1,-2.3622674810880637
-1,-2.261979050907029
1,0.570561020824417
-1,-1.3341153150694602
-1,-2.2611302182361577
-1,-2.1442820882492337
1,1.9685221112252531
-1,-2.4134567064514707
-1,-1.6818694182131109
-1,-1.4209091522450106
-1,-3.6014362309790804
-1,-2.3141528950450057
-1,-2.645434565178465
-1,-2.1528434618296206
-1,-1.5984404829766967
-1,-1.5342569377159085
1,2.426932544300591
-1,-1.034073425845206
-1,-2.304675437239033
-1,-2.2679636946656374
-1,-2.283063252749367
-1,-0.11654121183889204
-1,-1.5344384846817645
1,0.5022381172886983
-1,-1.8071410932818974
-1,-0.8212218670849246
1,0.16262639151815927
-1,-3.017734467538694
-1,-1.009844738337212
-1,-2.832983222056427
1,1.4274914088427537
-1,-1.055608917107807
1,2.8415807948014042
-1,-0.723215760373475
-1,-1.3417761020283678
-1,-0.7965034438133664
-1,-1.0793305831249977
-1,-2.968925975351188
1,0.21090720498210092
-1,-0.4201441566075525
-1,-1.956039297828204
-1,-2.702644413219275
-1,-1.0825907448497931
1,1.673237074367681
-1,-1.5403905284618902
-1,-1.5389886960798533
-1,-1.6078416900145842
-1,-1.2202282387320327
-1,-0.2636967542815357
-1,-0.21539849571201986
-1,-0.34977395319389326
-1,-0.42874992897660147
-1,-1.3545750974654434
-1,-2.116659902633937
-1,-2.111745555287332
1,2.3863744500323145
1,0.047921798603618004
-1,-2.431174901219623
1,1.6832667286795437
-1,-0.11482882620129625
-1,-0.1725828290690754
-1,-1.1314896549632023
-1,-0.2087266724362421
-1,-2.2685502655561067
1,0.00880996201280787
-1,-1.9690618514439124
-1,-2.0403821497023413
-1,-2.022541519574521
-1,-1.5842361116907777
1,1.672320428630977
1,0.21443347640428345
-1,-1.3419926171893504
-1,-1.07004438080216
1,1.322675816434784
-1,-1.6335542913212953
-1,-0.3008364090311824
-1,-1.1049486224803333
1,0.46782523075094457
-1,-2.192986452874845
-1,-2.4367990947815183
1,1.4592987865209472
-1,-0.273891626352852
-1,-1.6296129425403685
-1,-0.5985079626323159
1,0.22642242640179822
1,2.4058794433059174
-1,-0.6048753749051662
1,1.1507974580282876
1,1.0067282301810871
1,1.7488034247582032
-1,-1.7332749171493944
-1,-2.292457954681238
-1,-0.18440478372458202
-1,-0.3194754945871298
-1,-3.7661396293287335
-1,-0.7915904016043758
-1,-4.837064265186736
1,2.7426495634519084
-1,-0.0008280496416098182
-1,-1.6661091611980459
-1,-0.7324027954625301
-1,-1.2884030481240027
-1,-0.09039491629607171
-1,-0.05218484521465605
-1,-1.4921090665543484
-1,-0.08022225966197843
1,2.3319439702142497
-1,-1.7301777038387955
1,3.0487486234374837
-1,-0.8438904602512287
-1,-1.677278721678844
-1,-0.07741447205587582
-1,-2.152774624543937
1,0.022848059102050844
1,0.5682210782234989
-1,-1.1050941075814367
1,0.8371877766838666
-1,-1.1846294636771368
1,1.185936690118275
-1,-1.180814990370406
1,2.9804891151256694
-1,-0.26520724104428284
-1,-1.2405494083059612
-1,-2.560155536719601
-1,-1.001277073745672
-1,-0.3977834476418589
-1,-2.060233582581141
-1,-3.1456133758239555
-1,-3.945800242396718
-1,-0.271644427752357
-1,-0.25198114291209606
-1,-2.438412968991757
1,1.4429121071534117
1,1.1160166697223421
-1,-2.302695164297769
-1,-1.6126457383628072
-1,-1.3498478979741781
-1,-1.3684160418678641
-1,-1.4914699936264864
-1,-1.5091502525129572
-1,-2.0466248112456285
-1,-2.7888496875640474
-1,-3.1423048575281074
-1,-1.2121712608895803
-1,-2.8732717833319823
-1,-1.5203207735605853
1,3.1000015285617915
-1,-1.3609101558404946
1,0.415371340805931
-1,-0.9541257957593813
-1,-0.3927071649807763
1,5.669143638571963
1,0.02882942705981617
1,0.48431326613830505
-1,-1.4656636654891904
1,2.2410385946150946
1,1.4917964099834795
-1,-1.1327690756852824
-1,-2.250457500451705
-1,-0.9534896230322011
-1,-2.2379125640340845
1,0.2751535234957908
-1,-1.0475502322952832
1,0.8689945097836623
-1,-1.8155067568651926
1,0.07786494266780764
-1,-2.421092442616913
-1,-0.15813700729888058
-1,-1.7096550702636655
-1,-0.4311427754421351
-1,-0.36151518442567027
1,1.2999870996168257
-1,-3.290264038532423
1,0.5346474668090038
-1,-2.4304994277308363
-1,-1.7040250756101265
-1,-1.946806172191171
-1,-1.6907789427361892
-1,-1.3996517853143537
1,2.8263067444795387
1,0.7006078636419273
-1,-1.0704214343675758
-1,-0.7541468584872202
-1,-1.8561968026893063
-1,-0.5839156750524366
-1,-1.538431503039174
-1,-3.321089877320019
-1,-1.9689363662637542
-1,-0.7623129026762266
-1,-2.114052553950795
-1,-0.7859259596901037
-1,-1.3235254169022919
1,0.5977416002307883
1,1.0507122072408892
-1,-0.169477331903579
-1,-2.907561331142154
-1,-0.5684250867796734
1,3.11748043241373
-1,-1.9081835970306427
1,0.32334575462638315
-1,-1.9802101344034897
-1,-0.9217577248318899
1,1.2624877599670032
-1,-1.3194187544573572
1,0.25543388159312075
-1,-2.111943175896585
1,0.7633336276006788
-1,-3.243145575784647
1,2.2169788153370003
-1,-1.5872093576514594
-1,-1.6150972778042068
-1,-0.07044750080904867
-1,-1.3554436842954398
-1,-2.381574927943814
1,0.8246398679330432
1,0.9218113710003084
-1,-1.2402605036917929
-1,-2.395025696120907
1,1.858672053038127
-1,-1.9525897735629052
-1,-1.0946374883716734
1,0.304263686498349
-1,-0.7531914277082526
1,0.3813594674970957
-1,-1.694307920053873
-1,-1.9157428005188042
1,0.15055710169578457
1,1.6413091342635289
-1,-1.7406891272044798
-1,-0.9601178511123368
-1,-1.514870657614783
1,0.27619541382993124
-1,-1.4057245374233258
-1,-2.32014783679777
-1,-2.65709875517154
1,0.22689037645627214
1,0.3395905539272286
-1,-3.2891330458661163
-1,-0.25881304334813615
1,0.8678812757779735
-1,-2.7697243881274582
1,0.4897202531449529
1,2.087033207391767
-1,-0.05722764016137699
-1,-2.1219530573865084
-1,-0.4819923599712365
-1,-1.6523976342906135
1,0.17363974363705037
1,1.0404978951722226
1,1.697273758736852
1,0.20500406938566584
-1,-3.161186266628531
-1,-2.3918921965887048
1,1.1092006574470303
-1,-0.9888855052131847
1,2.1827862959585875
-1,-2.0852247879600805
-1,-2.148106737985999
-1,-1.9203599814621723
-1,-2.0622232766031416
-1,-1.4184020608741346
-1,-1.2599975015391325
-1,-2.7964443412578284
-1,-1.7231363708380318
-1,-1.7157226540003911
-1,-2.772955011356753
1,0.43208754883842154
-1,-0.13499021657004345
-1,-0.28900303652821513
1,0.7854230527038771
-1,-4.005852677156981
-1,-1.5128153415547427
-1,-0.5209439668281832
1,0.1045487528254806
1,2.657595826574615
-1,-2.9258627712924405
1,0.6906015667736256
-1,-3.2817948250534346
-1,-1.7177633053948629
-1,-1.2061580693816145
-1,-2.252821990634004
-1,-0.7471180864310667
-1,-1.4888579223300273
1,3.6708239384501815
-1,-3.391222804475908
1,0.3743447082878377
1,0.8780573806619021
1,0.675831461104722
-1,-3.2756010122201746
1,1.730202859534192
-1,-1.4743557213561835
-1,-1.094999168843153
1,0.10021591626966836
-1,-2.7591601484024513
-1,-0.20618206449557513
-1,-1.923129189900255
-1,-0.8232587454330179
-1,-3.2960113960059663
-1,-1.3733326300372206
1,0.061194759254487585
1,0.9359049645915531
1,3.373147789519432
1,0.527848687479481
1,0.4842395951743371
-1,-2.5400704547415094
-1,-1.8090300258472216
-1,-0.937703093127535
-1,-2.6369814939139844
1,0.6743604662706557
1,1.2831359820441484
-1,-1.2688904951387097
-1,-2.5458192581221857
-1,-2.7675016720941965
-1,-2.152548291871021
-1,-2.434788583467594
-1,-2.6419152753827606
-1,-1.1328963097222704
1,0.49906603366413593
1,1.0201352717370593
-1,-1.348451257320701
1,1.1468373060608577
-1,-1.1018688013521234
1,0.7206147082211957
1,0.10008957582750738
-1,-2.57079284130495
-1,-0.3717482643026456
1,0.13041886596578733
-1,-2.0726706991360775
1,1.246815932699284
-1,-0.37389741209514005
1,1.194142007993647
1,0.30710677359474087
1,0.6442329588278595
-1,-2.2217066331198314
-1,-2.6608570078923304
1,0.45946192322797247
-1,-1.5579129974302184
-1,-0.7213235731075057
-1,-0.10390996937602492
-1,-1.6064539258179364
-1,-1.463466812959466
-1,-2.336632375123398
-1,-1.4251210174652142
-1,-0.0915148988407863
1,0.19539190514833094
